<?xml version="1.0" encoding="UTF-8"?>
<project-private xmlns="http://www.netbeans.org/ns/project-private/1">
    <editor-bookmarks xmlns="http://www.netbeans.org/ns/editor-bookmarks/2" lastBookmarkId="0"/>
    <open-files xmlns="http://www.netbeans.org/ns/projectui-open-files/2">
        <group>
            <file>file:/C:/Users/nataly/Documents/Konrad%202022-1/Tecnicas%20P1/Proyecto3_DuranHincapieNeira/Proyecto3_DuranHincapieNeira/Proyecto3_HincapieNeira/src/proyecto3_hincapieneira/Venta.java</file>
            <file>file:/C:/Users/nataly/Documents/Konrad%202022-1/Tecnicas%20P1/Proyecto3_DuranHincapieNeira/Proyecto3_DuranHincapieNeira/Proyecto3_HincapieNeira/src/proyecto3_hincapieneira/Tienda.java</file>
            <file>file:/C:/Users/nataly/Documents/Konrad%202022-1/Tecnicas%20P1/Proyecto3_DuranHincapieNeira/Proyecto3_DuranHincapieNeira/Proyecto3_HincapieNeira/src/proyecto3_hincapieneira/Factura.java</file>
        </group>
    </open-files>
</project-private>
